username,status,notes,category
noam_bettan,pending,,
rusg.brussels,pending,,
gironafc,pending,,
ann_b_official,pending,,
d.raya1,pending,,
knesset.gossip,pending,,
barber_ferens,pending,,
zlatansehovic_17,pending,,
spurs,pending,,
amdursky,pending,,
adidasusfootball,pending,,
ofek.melika,pending,,
chefgranit,pending,,
the_just_noam,pending,,
ha_mevakrim,pending,,
maggie_tabibi,pending,,
onside.il,pending,,
netanya_updates,pending,,
lamtneyamal,pending,,
futdonk,pending,,
futsheriff,pending,,
whatsapp,pending,,
yedidya_epstien,pending,,
gonzalogarcia7_,pending,,
avdijanation,pending,,
mbeumo,pending,,
thierryhenry,pending,,
rollsroycecars,pending,,
wissdomsule,pending,,
shira2475752,pending,,
kfc,pending,,
subwaysurfers,pending,,
lilbaby,pending,,
lambopalmbeach,pending,,
brabus,pending,,
mrbean,pending,,
chevrolet,pending,,
ferrariuk,pending,,
southamptonfc,pending,,
astonmartin,pending,,
ronaldo,pending,,
bentleymotors,pending,,
jocelin.tabi,pending,,
cruyff,pending,,
cristainojr2010,pending,,
lamborghinivan,pending,,
gtacommunity,pending,,
eranlevi.99,pending,,
bar_is_home,pending,,
travisscoxtt,pending,,
australia,pending,,
spacex,pending,,
pedroporro29_,pending,,
nutella,pending,,
365scores,pending,,
liel_eli,pending,,
rom_braslavski,pending,,
matanperetz___,pending,,
pitbull,pending,,
statedept,pending,,
_leebiran_,pending,,
__joangarcia,pending,,
cia,pending,,
ahavathashem_gordon,pending,,
dior,pending,,
passionefiorentina_,pending,,
acffiorentina,pending,,
mickyvdven,pending,,
takeoff.flights,pending,,
stiv_aronovich,pending,,
jerseys._spot,pending,,
bitcoin.change,pending,,
_san_rafael,pending,,
reefneeman,pending,,
doctor_kaduregel,pending,,
ilayshprung,pending,,
benyaho_nawi,pending,,
stephencurry30,pending,,
rayan_cherki,pending,,
daninave1,pending,,
jakepaul,pending,,
theunitedstrand,pending,,
m.olise,pending,,
anankhalaily,pending,,
yalla_netanya,pending,,
joao_neves87,pending,,
lagalaxy,pending,,
trump,pending,,
danny.wolf6,pending,,
desire.doue,pending,,
galcohenofficial,pending,,
may_arev,pending,,
__outside__thebox__,pending,,
nosliwharris,pending,,
emil_telawe,pending,,
marlon3lg,pending,,
fbi,pending,,
teamtrump,pending,,
elon_ofical,pending,,
evyatar__david,pending,,
netflix,pending,,
_davooficial,pending,,
omerkoly,pending,,
mnfc.sound,pending,,
duduaharon,pending,,
turbobydeni,pending,,
beneltavori,pending,,
gal_gadot,pending,,
harelskaat,pending,,
muhammadali,pending,,
noyaazrad,pending,,
gmamardashvili25,pending,,
nunomendes_5,pending,,
omer_dori11,pending,,
stateofisrael,pending,,
deanhuijsen,pending,,
zivberman109,pending,,
corvette,pending,,
disneyland,pending,,
amitt_22a,pending,,
ivankatrump,pending,,
wembleystadium,pending,,
harvard,pending,,
michaelbjordan,pending,,
theroyalfamily,pending,,
alberteinstein,pending,,
segev_kalfon,pending,,
oscarbobb,pending,,
ran.binyamin,pending,,
k_thuram,pending,,
niv_eliasi,pending,,
or_blorian5,pending,,
talmosseri,pending,,
elianatidhar,pending,,
jeffbezos,pending,,
lionmizrahi_,pending,,
_miss_football,pending,,
liri_albag,pending,,
microsoft,pending,,
gold_jersey_il,pending,,
joshua.kimmich,pending,,
almog_malka_official,pending,,
mordehai_david,pending,,
warriors,pending,,
brooklynnets,pending,,
kingjames,pending,,
jerseydrip.il,pending,,
ben.zur,pending,,
hazardeden_10,pending,,
claudiaapina,pending,,
lewishamilton,pending,,
desiredouei,pending,,
omerniron,pending,,
asaf_sabag_fitness_coacher,pending,,
__oziman__,pending,,
ofri_arad15,pending,,
isaacherzog,pending,,
noatishby,pending,,
trailblazers,pending,,
liya.melki,pending,,
ben_saraf2,pending,,
zuck,pending,,
laminejyamal,pending,,
sara.netanyahu,pending,,
shirel_hair_styling,pending,,
sunderlandafc,pending,,
nerevolution,pending,,
edenfines,pending,,
emmaalfii,pending,,
shirlilevi1234,pending,,
madisonbeer,pending,,
diomande.jr10,pending,,
rabin.guy,pending,,
maoredriofficial,pending,,
weslleypatati,pending,,
ibba_israel,pending,,
fibawc,pending,,
eurohoops_official,pending,,
eurobasket,pending,,
moaziz32,pending,,
ryanair,pending,,
ori_azo,pending,,
billielilish,pending,,
villarrealcf,pending,,
_chiko_miko_,pending,,
idan_patrero,pending,,
maccabitlv,pending,,
meta,pending,,
georginagio,pending,,
yochiapolyon,pending,,
yarinlevi8_,pending,,
ellalee,pending,,
mynorway,pending,,
bulgaria,pending,,
india,pending,,
miami,pending,,
egypt,pending,,
odeyaazoulay,pending,,
melikson24,pending,,
remember_noam_abdu,pending,,
alexkorotaev_,pending,,
ivanalpucheoficial_,pending,,
zendayaff,pending,,
shon.epishen,pending,,
mrbeanmemez,pending,,
greece,pending,,
odel660,pending,,
shalomke,pending,,
benlederman10,pending,,
sharon_adam1,pending,,
zelenskyy_official,pending,,
chen_kraunik,pending,,
louisvuitton,pending,,
shellyelmakis_,pending,,
isaac_kearney,pending,,
ellatravelsworld,pending,,
breasts,pending,,
cristianojr.x,pending,,
elalusa,pending,,
israel_bidur,pending,,
holylandspeaks,pending,,
yossi_booblil,pending,,
barackobama,pending,,
michelleobama,pending,,
memphisdepay,pending,,
aviahochman,pending,,
secretflights.co.il,pending,,
rihannaofficiall,pending,,
_the_dracos,pending,,
shayaprigan,pending,,
sabakh_4,pending,,
naor_baruch_34,pending,,
moshiko.ajami,pending,,
tjaronnchery10,pending,,
kimorazulay,pending,,
iceland,pending,,
finland,pending,,
mexico,pending,,
maorlevi_33,pending,,
liam__golan,pending,,
oliviarodirigo1,pending,,
remember_dvir_barazani,pending,,
remember_ormoses,pending,,
omri.niv.fireshteinmemorial,pending,,
remember_noam_bittan,pending,,
remember_adam_agmon,pending,,
remember.shalevzaltsman,pending,,
remember_ilaygarfinkel,pending,,
remember_adi_leon,pending,,
remember_eyaltwito,pending,,
remember_itaymartsiano,pending,,
eitanostermemory,pending,,
oferyannay,pending,,
jessiej,pending,,
nypost,pending,,
chloekelly,pending,,
adva8_8,pending,,
rafael63381,pending,,
romy_lazar,pending,,
schwartzido,pending,,
lilyrowland1,pending,,
courtneyantalek,pending,,
eli_sharabi7,pending,,
france,pending,,
itay__bachar,pending,,
hanoch.daum,pending,,
cnn,pending,,
kangwa_17_kings,pending,,
leahhalton,pending,,
barzomer,pending,,
nazarovamur,pending,,
martaa_diiaz,pending,,
ori.yoseff,pending,,
or_shpitz,pending,,
jerusalem_city,pending,,
atalantabc,pending,,
hsv,pending,,
pepsi,pending,,
teslamotors,pending,,
mclarenauto,pending,,
apple,pending,,
new.on.the.shelf,pending,,
prohebrew,pending,,
m3lamed,pending,,
google,pending,,
liorraz,pending,,
ella.nevo_,pending,,
marcusrashfordbrasil,pending,,
makashur_3,pending,,
shaul_haham,pending,,
deniavdia8,pending,,
_paraizo,pending,,
orizadokfans,pending,,
daniel99911122,pending,,
curtisjones,pending,,
maccabinetanyafutsal,pending,,
fctwente,pending,,
audi,pending,,
lebron,pending,,
netanel_chaki,pending,,
kvish90,pending,,
lin.alfi,pending,,
design,pending,,
daniel.mor_123,pending,,
yovelevi_,pending,,
usnavy,pending,,
erezisakov,pending,,
eliya_david,pending,,
jerusalem_mapping4,pending,,
donaldjtrumpjr,pending,,
naama_eylon,pending,,
hapshutaofficial,pending,,
jobs_for_everyone_il,pending,,
danielperetz__,pending,,
sjr.raphinha,pending,,
nasa,pending,,
heritavares91,pending,,
drorkalir,pending,,
or__leon,pending,,
danielgalily_,pending,,
saltiz_il,pending,,
oriya_amir9,pending,,
shukibiton,pending,,
talya_1323,pending,,
liyasadeh,pending,,
_user._.shanny,pending,,
linoy.mg,pending,,
lia.lewis,pending,,
the_romi_frenkel,pending,,
sarateclaw,pending,,
tyronemings,pending,,
david.raum,pending,,
eyal.bachar,pending,,
olivia.dalex,pending,,
nitsatavadze,pending,,
geniebouchard,pending,,
antonee_jedi,pending,,
victoriatriay,pending,,
sheerzuares,pending,,
danavoshina,pending,,
noashtivi,pending,,
mariianadavid,pending,,
griss.romero504,pending,,
martina.albinii,pending,,
barrefaeli,pending,,
tiliaoficial,pending,,
maya_dadon,pending,,
adihimelbloy,pending,,
livsilverman_,pending,,
jordynhuitema,pending,,
claudiaczapiewska,pending,,
michirusso,pending,,
albavejseli,pending,,
amandaastrand,pending,,
nataliazoppa,pending,,
ruslanarodina,pending,,
drake,pending,,
hadarshirii,pending,,
justinkluivert,pending,,
pilarrubio,pending,,
carlos10soler,pending,,
_pedro17_,pending,,
wesleysneijder,pending,,
orianasabatini,pending,,
camila_cabello,pending,,
karinalia,pending,,
raphaelguerreiro14,pending,,
sarahlgorden,pending,,
joaopalhinha6,pending,,
gwijnaldum,pending,,
nuno_tavares71,pending,,
jorrelhato,pending,,
lucasdigne,pending,,
sydney_sweeney,pending,,
javierzanetti,pending,,
martinadotti,pending,,
flowirtz,pending,,
luis.diaz.07,pending,,
reghandavis,pending,,
ludovicatontini,pending,,
franzbeckenbauer,pending,,
eleonoraincardona,pending,,
kloppo,pending,,
alishalehmann7,pending,,
tijjanireijnders,pending,,
idan_tal_barber_shop,pending,,
karenalves,pending,,
evagini,pending,,
shalevgavra,pending,,
shakira,pending,,
danialves,pending,,
gabimfmoura,pending,,
annazak12,pending,,
necowilliams,pending,,
jessicamelena,pending,,
neomi.caoduro,pending,,
maayan.eve,pending,,
mariariieraa,pending,,
wzairemery6,pending,,
brookemonk,pending,,
elys_hutchinson,pending,,
alma_ck_,pending,,
hieke_konings,pending,,
selenagomez,pending,,
alfiguri,pending,,
chrishemsworth,pending,,
noa.takahashii,pending,,
joebiden,pending,,
shiralevi1,pending,,
ella_netzer8,pending,,
donhuijsen9,pending,,
liv.gisberg,pending,,
shayzahavi,pending,,
stefandevrij,pending,,
danielitman,pending,,
noacohen_official,pending,,
___alinharush___,pending,,
roninachmani,pending,,
noyaashash_,pending,,
nadav_hanzis,pending,,
tirtza_cohen,pending,,
kimkardashian,pending,,
tamar_shitrai,pending,,
almog_buzaglo,pending,,
dualipa,pending,,
ranboker,pending,,
tuviatsafir_,pending,,
kyliejenner,pending,,
brunabiancardi,pending,,
paulwalker,pending,,
raffaeledigennaro,pending,,
lilbieber,pending,,
ddumfries2,pending,,
fernandmayembo5,pending,,
deco_official,pending,,
netomurara,pending,,
f1,pending,,
zielu_94,pending,,
nisriinejr,pending,,
aitanabonmati,pending,,
santosfc,pending,,
barcastore,pending,,
fcbpedri8,pending,,
carlopinsoglio,pending,,
andrea_cambiaso,pending,,
arekmilik,pending,,
terrycrews,pending,,
mundodeportivo,pending,,
lapremierleague,pending,,
bokrkic,pending,,
hustle_hard_304,pending,,
federicogatti.4,pending,,
brfootball,pending,,
travisscott,pending,,
marmoush,pending,,
catculer,pending,,
nicolas_williams9,pending,,
jlaportaoficial,pending,,
antonelaroccuzzo,pending,,
inakipenya,pending,,
viktorgyokeres,pending,,
ericgm3,pending,,
marcbernal,pending,,
jpcancelo,pending,,
paucubarsi,pending,,
gerardmaartin,pending,,
hctorforrt_,pending,,
pauvictor_,pending,,
pablotorree,pending,,
marccasado,pending,,
wojciech.szczesny1,pending,,
yahavmaroodi,pending,,
sara_bargig148,pending,,
linoy_ben_moshe.14,pending,,
ronhayunofficial,pending,,
n12news,pending,,
omri_gabay20,pending,,
yaelshelbia,pending,,
cunha,pending,,
mrbeast,pending,,
freddypicovargas,pending,,
teenkerz,pending,,
nevo_n_n_n,pending,,
galatasaray,pending,,
emi.aniti,pending,,
leedsunited,pending,,
pinhas._.rahum,pending,,
yonathan_gadot,pending,,
noy_forsthofer,pending,,
romi.wol,pending,,
maxim_plakushchenko,pending,,
poopup.il,pending,,
noastein_,pending,,
asafmiller_,pending,,
1934westside,pending,,
oshercohen,pending,,
dor_hoffman,pending,,
katzmanmatan,pending,,
evenyehuda.community,pending,,
beitavibidur,pending,,
ronit_66699,pending,,
sharon__5432,pending,,
s4ilo1,pending,,
yali__rak_banim,pending,,
daniel.k1020,pending,,
orian_goren,pending,,
diamond_.gatekeepers,pending,,
ogamechangers,pending,,
itzikreuven10,pending,,
ilay_rak_banim,pending,,
biz.updates,pending,,
citcmancity,pending,,
emilydamari,pending,,
aviv.kanarik,pending,,
emily.austin,pending,,
miki_zohar,pending,,
energy.gov.il,pending,,
diamond_gatekeepers,pending,,
mrshibolet,pending,,
omerwenkert,pending,,
telavivmuseumofart,pending,,
vladimirbeliak,pending,,
yeshatidparty,pending,,
bit.app.il,pending,,
vtzimbs,pending,,
intelisrael,pending,,
itayhalfon55,pending,,
elite.coffee.il,pending,,
israrail,pending,,
health.gov.il,pending,,
israel.is.you,pending,,
nli_israel,pending,,
wallasports,pending,,
itayikar,pending,,
liel_mordechaev,pending,,
pninarosenblom,pending,,
13newsil,pending,,
itzikala,pending,,
dos_celebs_,pending,,
zikoy_harabim,pending,,
rotemsela1,pending,,
rinatbar80,pending,,
natalydadon,pending,,
ortal_amar,pending,,
yanuka_rav_shlomoyehuda,pending,,
yuvalhazan___,pending,,
makocelebs,pending,,
ilanitlevi_sade,pending,,
shlomoartziteam,pending,,
eyalgolan55,pending,,
mako.il,pending,,
i24news_he,pending,,
chabad_israel,pending,,
mizrahitpage,pending,,
haravzamircohen,pending,,
yonit_z,pending,,
revivoprojectofficial,pending,,
ravovadiayosef,pending,,
ishayribo_official,pending,,
shahar__hauon,pending,,
rabbi_zamir_cohen,pending,,
eliahuyosian,pending,,
hizokim.18,pending,,
shlomikoriat76,pending,,
eyalgolan1,pending,,
israelim.il,pending,,
haravigalcohen,pending,,
alin_golan,pending,,
reshettv,pending,,
besties.israel,pending,,
hananbenariofficial,pending,,
haravfanger,pending,,
otzma_yehudit,pending,,
haravronenshaulov_shiorim,pending,,
haravigalcohen_shiorim,pending,,
edennhason,pending,,
itaylevi7,pending,,
mosheperezofficial,pending,,
sasson_ifram_shaulov,pending,,
edenben_zaken,pending,,
omer_adam_my_life_,pending,,
bengurionairport_tlv,pending,,
israel_dappa,pending,,
benbn90,pending,,
barcamanil,pending,,
peertasi,pending,,
whitehouse,pending,,
yuvalraphael,pending,,
valeriehamaty,pending,,
moranaharony,pending,,
daniel__wais,pending,,
redbandlive,pending,,
natan_private___,pending,,
avivgeffenmusic,pending,,
daniel_mensa4,pending,,
eranswis,pending,,
bringhomenow,pending,,
arielidan14,pending,,
realmadridfem,pending,,
sharon.wysoki,pending,,
eyal_kad0sh,pending,,
even__youth,pending,,
orishahori,pending,,
whitehouse46archive,pending,,
ultras.shabi,pending,,
galborovsky,pending,,
roee_peretz7,pending,,
pelegadiv,pending,,
gshylee,pending,,
__adikedar,pending,,
pepe__barbershop,pending,,
western.wall,pending,,
mochikva,pending,,
edu.gov.il,pending,,
amit__kaz,pending,,
nehoray_rubinstein,pending,,
omer_kaufman11,pending,,
roysason12,pending,,
rom_zohar2,pending,,
yali77169,pending,,
elad_tal7,pending,,
netanyashop22,pending,,
omeradam,pending,,
mayoshka.1515,pending,,
netanya_family,pending,,
harelaltman,pending,,
transport.il,pending,,
rehovotcity,pending,,
rosh_haayinct,pending,,
herzliya.city,pending,,
teva_il,pending,,
eli_cohen_minister,pending,,
givatayim.muni.il,pending,,
bisrabak,pending,,
noamfiruz,pending,,
gdud_shaked__,pending,,
jhonny_barber_503,pending,,
push.il,pending,,
sport_5,pending,,
ballondorofficial,pending,,
maya.keyy,pending,,
telaviv.yafo,pending,,
petah_tikva_muni,pending,,
avigdor.liberman,pending,,
mika_fleischmann,pending,,
denistal84,pending,,
crjunior2010,pending,,
yonatanvii,pending,,
ben_hayun_official_,pending,,
michal.6569,pending,,
lsrael.music,pending,,
toharyeffet,pending,,
hilitoledano,pending,,
bigbrotherisrael,pending,,
dronefeast,pending,,
oryan_azulay,pending,,
habasta_restaurant,pending,,
danielyona1_110,pending,,
osher_davida,pending,,
shahar_taller9,pending,,
noga_peleg80,pending,,
mik_mik_spammmmm,pending,,
noabitton7_,pending,,
zofim_bareshet,pending,,
daniel_fadlon14,pending,,
danpoleg30,pending,,
yourjewishlife,pending,,
gili_nimni,pending,,
yoyo_hachatich,pending,,
the_black._.bird,pending,,
chopshops,pending,,
realdonaldtrump,pending,,
willsmith,pending,,
itaicohen2011,pending,,
tavor_hairstyle,pending,,
aviad3hillel,pending,,
shakeshack,pending,,
teraprojects_sound_light,pending,,
sdomtlv,pending,,
goldnoa_,pending,,
agammaman3,pending,,
shaylevi._1,pending,,
yalimaman_,pending,,
yali__kashani,pending,,
tamar_shlomi14,pending,,
__deleted__bhiebebcjiafcccgb,pending,,
_daphnashemesh,pending,,
michaelrapaport,pending,,
ye,pending,,
paz_flaysher,pending,,
uriel_mimi,pending,,
ella._mor,pending,,
adi_genis_,pending,,
matan_skaytel,pending,,
shovi.haziza,pending,,
aylvn.nmh,pending,,
yagil_yaakov,pending,,
idoelieli,pending,,
eliya_bonen,pending,,
miryam.segal,pending,,
pikudhaoref,pending,,
liranoshri1,pending,,
lia_halaf,pending,,
amit.portal,pending,,
user_qwjsnxl,pending,,
noa_2704,pending,,
boris.kleyman,pending,,
_mika._.biton,pending,,
kim_buium,pending,,
ilayhashash,pending,,
r0tem_shmueli,pending,,
eminem,pending,,
ballers.il,pending,,
roei_shivat,pending,,
daniellekhaustov,pending,,
ariel_elnekave,pending,,
yonatan_levitin,pending,,
yonatan.vasihun,pending,,
_amar_nofar,pending,,
abigail._.rouche,pending,,
lotem_yitzhak,pending,,
toharvota_,pending,,
rona_halevy,pending,,
romlevi82,pending,,
liarozenfeld,pending,,
aviv_igaeli,pending,,
aviv9686,pending,,
eran22edry,pending,,
moria_b.a,pending,,
yahlinis,pending,,
nofaramir_,pending,,
itamar_freilich,pending,,
gili_zemer,pending,,
emilyelias304,pending,,
shohammesika,pending,,
tal_hertz20,pending,,
shirarubin6,pending,,
linoy6744,pending,,
lia_segal11,pending,,
shir_sabagan,pending,,
mayatenenbaum,pending,,
_lihiifergan,pending,,
liyashaboo,pending,,
arielazulay96,pending,,
david_bernste1en,pending,,
romiamrammm,pending,,
noa._.levyyy,pending,,
noa.sade12,pending,,
nitzan_baitner24,pending,,
benmilikow,pending,,
idonisim84,pending,,
liel_hayun_,pending,,
ravid12126,pending,,
noyaeran_,pending,,
naorgreenberg,pending,,
guybo_bil,pending,,
adam.bb99,pending,,
princees_1767,pending,,
yonatanedelshtein3,pending,,
april.1733,pending,,
ido.ziser,pending,,
ariel_hayun,pending,,
atai_gavrieli,pending,,
lady_avigail_777,pending,,
taliasasi_,pending,,
gaya_cohen780,pending,,
h.nahmanzb,pending,,
hadarc0hen,pending,,
amit_hamami_7_,pending,,
amy_dorany222,pending,,
hare_1200,pending,,
shalev.benabu,pending,,
gaya_gadassy,pending,,
noa_amos123,pending,,
hadar_erbesh,pending,,
_ronigamliel,pending,,
maor__shaked,pending,,
amihay_pom,pending,,
talyalevi353,pending,,
liah.shakedd,pending,,
tamargal124,pending,,
noampinto6,pending,,
talya.levy.hadad,pending,,
ilay_ashtar,pending,,
michal_jr5,pending,,
maz_reimi,pending,,
ziv_705,pending,,
shira_atiya5,pending,,
adi_amram1,pending,,
amit_manooo,pending,,
tttttttttzfoo,pending,,
ofir8933,pending,,
ayrinaframian_,pending,,
omer_benshimon.14,pending,,
yarin_naf,pending,,
ori_shenhar,pending,,
amitay_ben_ezra7,pending,,
liel_moscovici_,pending,,
yeladutalef.evenyehuda,pending,,
hazivlonim_sheltali20,pending,,
yael_cohen710,pending,,
shovalfranko9,pending,,
amiramtovim,pending,,
oribroyer,pending,,
yahli_watson,pending,,
asafmoryosef,pending,,
oren_lahav_official,pending,,
yonatangotlib,pending,,
ian_rush9,pending,,
equipedefrance,pending,,
amithechter,pending,,
corvetteeurope,pending,,
amirshurush,pending,,
hazukiniz,pending,,
mikageva_,pending,,
tavorbarber,pending,,
ftbl,pending,,
one.co.il,pending,,
kan_kids,pending,,
ellakatz_2011,pending,,
aviad_ifrah_,pending,,
mila.carterr,pending,,
idolevy_49,pending,,
transfermarkt_official,pending,,
noa.m.1,pending,,
hdayagim_from_evenyehuda,pending,,
nave.drori,pending,,
_avivgross,pending,,
standwithus,pending,,
nba,pending,,
idan_privateee4,pending,,
ultras_diamon,pending,,
ha_hasfanim,pending,,
hagzarim.itamarrrr,pending,,
habadiz,pending,,
tohar_snigarz,pending,,
alonsarig11_,pending,,
hameduzim.katrivas.pita,pending,,
shayrosenberg_,pending,,
mika_lapid1,pending,,
moria_yoel,pending,,
frizonfishy,pending,,
hazonot.shel.katrivas.and.pita,pending,,
beit_noar_even_yehuda,pending,,
afcajax,pending,,
prodirectsoccer,pending,,
azzurri,pending,,
bmw,pending,,
ilay_4356,pending,,
shira_cohen489,pending,,
noyaa.spammmmm,pending,,
nani_giat,pending,,
shevet_ben_yehuda,pending,,
leaguescup,pending,,
ligue1mcdonalds,pending,,
morel123458,pending,,
hodaya.yeganahhhh,pending,,
scoutpush,pending,,
saopaulofc,pending,,
guyzu_aretz,pending,,
sasson.neta,pending,,
sportingcp,pending,,
realbetisbalompie,pending,,
olympiquedemarseille,pending,,
botafogo,pending,,
rongoldman_,pending,,
officialnffc,pending,,
__nicolerussell,pending,,
talya.rozenfeld,pending,,
mallory_photodump0,pending,,
noyel._.ivgi,pending,,
ol,pending,,
marcel7sabitzer,pending,,
jacob_blechman,pending,,
lior_tobi,pending,,
almaglboa,pending,,
itay_meister,pending,,
elanga,pending,,
i.aspas10,pending,,
robitaylor94,pending,,
jeromeboateng,pending,,
awbissaka,pending,,
josefmartinez17,pending,,
mauroicardi,pending,,
fcshakhtar,pending,,
ron.atiya,pending,,
the_loot__pigs,pending,,
fikayotomori,pending,,
pauttorres,pending,,
chukwuezesamuel8,pending,,
paolomaldini,pending,,
leon_goretzka,pending,,
alextelles13,pending,,
fulhamfc,pending,,
itaybaryanai,pending,,
osher_filus,pending,,
yoav_coen61717,pending,,
yuval.razi,pending,,
emrecan23,pending,,
lisandromartinez,pending,,
alin_toledano,pending,,
rlc,pending,,
diogodalot,pending,,
bernabeu,pending,,
fred,pending,,
cucurella3,pending,,
brahim,pending,,
reemmesika5,pending,,
itay.priveteee,pending,,
oran_benzvii,pending,,
may_carbone,pending,,
_liagreen_,pending,,
adidasar,pending,,
alhilal,pending,,
didierdrogba,pending,,
tavor_barber,pending,,
shaked_tezazu,pending,,
qtsbdbyr,pending,,
alex_isak,pending,,
skysport,pending,,
syncaglar,pending,,
moussadiabyofficial,pending,,
eliya_drori,pending,,
adrienrabiot_25,pending,,
bayer04fussball,pending,,
zinchenko,pending,,
garethbale11,pending,,
endrick,pending,,
darya_benisty,pending,,
mls,pending,,
alahliclub.sa,pending,,
slbenfica,pending,,
theozidane,pending,,
ardaguler,pending,,
rubendsneves,pending,,
francescototti,pending,,
nglkante,pending,,
z.elouahdi,pending,,
masonmount,pending,,
aurelientchm,pending,,
hazinor,pending,,
callumwilson,pending,,
morgangibbswhite,pending,,
iamdanilopereira,pending,,
idan_amedi,pending,,
ita.y1sofer,pending,,
mikasilberman,pending,,
omri_benyoav,pending,,
__deleted__bhiebegaadfcagfja,pending,,
herrelandslaget,pending,,
rockstargames,pending,,
raine_mikaoknin,pending,,
andyrobertson94,pending,,
brunoguimaraes,pending,,
dominiklivakovic40,pending,,
alphonseareola,pending,,
lucashernandez21,pending,,
daniolmo,pending,,
joelinton34,pending,,
odegaard.98,pending,,
lafc,pending,,
roy.revivo,pending,,
thuram,pending,,
all.accor,pending,,
sterling7,pending,,
oficialrc3,pending,,
juanmatagarcia,pending,,
mateokovacic8,pending,,
alvaromorata,pending,,
ron_vosko_11,pending,,
king,pending,,
marcos.acuna10,pending,,
w.saliba4,pending,,
ronaldkoeman,pending,,
kevindebruyne,pending,,
kevintrapp,pending,,
alexis_officia1,pending,,
cmpulisic,pending,,
diamondsonair,pending,,
jpickford1,pending,,
rbleipzig,pending,,
beinsports_fr,pending,,
jobebellingham,pending,,
joselumato,pending,,
al0nspammmmmm,pending,,
avshalom.barkochva,pending,,
d.batubinsika21,pending,,
scottmctominay,pending,,
danachalaf_private,pending,,
ultras_netanya,pending,,
fcmn.fans,pending,,
eilon.grouper,pending,,
bargalanter__,pending,,
shein_men,pending,,
sheinisrael_,pending,,
sheinofficial,pending,,
tevelshemesh_,pending,,
liorrefaelov_8,pending,,
jorginhofrello,pending,,
norit4713,pending,,
thiago6,pending,,
olliewatkins,pending,,
onsoranje,pending,,
stavlemkin,pending,,
maor.gamlielofficial,pending,,
nasrinkadry,pending,,
upamecano,pending,,
shira._.azulay1,pending,,
matteopolitano16,pending,,
fernandinho,pending,,
lukeshaw,pending,,
__deleted__bhiebeabdibhabhih,pending,,
auba,pending,,
dilorenzo22,pending,,
federicodimarco,pending,,
philipplahm,pending,,
fedexchiesa,pending,,
manuelobafemiakanji,pending,,
ivanperisic444,pending,,
filipkostic,pending,,
julianbrandt,pending,,
sergegnabry,pending,,
gabinunes9,pending,,
cafu2,pending,,
rclens,pending,,
alphonsodavies,pending,,
luis__figo,pending,,
marcelo_brozovic,pending,,
nicolo_barella,pending,,
sami_khedira6,pending,,
fred08oficial,pending,,
kaihavertz29,pending,,
aaronramsdale,pending,,
emiratesfacup,pending,,
maiyahavv,pending,,
xabialonso,pending,,
mariogotze,pending,,
andreapirlo21,pending,,
declanrice,pending,,
lucasmoura7,pending,,
oblakjan,pending,,
nufc,pending,,
kvara7,pending,,
akinfenwa,pending,,
alemacallister,pending,,
shevetramon,pending,,
e_adebayor,pending,,
transfermarkt.es,pending,,
westham,pending,,
benedettaloico_,pending,,
intermiamicf,pending,,
timowerner,pending,,
josemourinho,pending,,
adidasisrael,pending,,
science_beit_avhi,pending,,
ofirhaim18,pending,,
netalavi6,pending,,
easfcmobile,pending,,
ariel_levi107,pending,,
mavistchibota_13_officiel,pending,,
davidbeckham,pending,,
vlahovicdusan,pending,,
nathanake,pending,,
kalvinphillips,pending,,
osher.eliyahu1,pending,,
mr.choupo,pending,,
razkarmi,pending,,
andersontalisca,pending,,
ibrahimakonate,pending,,
rodridepaul,pending,,
ilaimadmon,pending,,
phil.coutinho,pending,,
samueletoo,pending,,
jamesrodriguez10,pending,,
karim_adeyemi,pending,,
guy_niceguy,pending,,
andreonana.24,pending,,
livescore,pending,,
arjenrobben,pending,,
neymarjr,pending,,
josifoon,pending,,
sevillafc,pending,,
st_maximin,pending,,
josko_gvardiol,pending,,
higuitarene1,pending,,
tyrellmalacia,pending,,
noagreiff_,pending,,
ro_mi3026,pending,,
mcdonalds_israel,pending,,
gabriel.martinelli,pending,,
ikercasillas,pending,,
neymarjrsiteoficial,pending,,
manuelneuer,pending,,
fifa,pending,,
darwin_n9,pending,,
joaofelix79,pending,,
b.netanyahu,pending,,
elalisrael,pending,,
keylornavas1,pending,,
kaka,pending,,
brasil,pending,,
rubendias,pending,,
toni.kr8s_academy,pending,,
franckribery7,pending,,
harrymaguire93,pending,,
oliviergiroud,pending,,
fabinho,pending,,
ynetgram,pending,,
cpfc,pending,,
jesselingard,pending,,
esmuellert,pending,,
mdeligt_,pending,,
omritanuri91,pending,,
manorsolomon,pending,,
berni_fcb,pending,,
mai.dan,pending,,
emi_martinez26,pending,,
donnarumma,pending,,
ferland_mendy,pending,,
burgerkingtt,pending,,
pepteam,pending,,
goalenespanol,pending,,
everton,pending,,
c_nkunku,pending,,
lautaromartinez,pending,,
mybkbarbados,pending,,
telma_il,pending,,
gianluigibuffon,pending,,
ofek_shmerling1,pending,,
burgerkingisrael,pending,,
iamrafaeleao93,pending,,
juventus,pending,,
prrobertofirmino,pending,,
richarlison,pending,,
thiagosilva,pending,,
ge.globo,pending,,
guiagon_parfait,pending,,
talbenhaim26,pending,,
england,pending,,
even_yehuda_basketball,pending,,
dortur9,pending,,
dan_glazer,pending,,
pierrecor,pending,,
eranzahavi,pending,,
gianni_infantino,pending,,
si_soccer,pending,,
lucaspaqueta,pending,,
psv,pending,,
spursofficial,pending,,
angeldimariajm,pending,,
plforindonesia,pending,,
noakirel,pending,,
hirvinglozano,pending,,
_hapeoorim,pending,,
caosasuna,pending,,
edou_mendy,pending,,
ederson93,pending,,
inter,pending,,
officialbhafc,pending,,
ilkayguendogan,pending,,
reece,pending,,
marco_verratti92,pending,,
kylewalker2,pending,,
pablogavi,pending,,
official_pepe,pending,,
roll_ups.0,pending,,
adidasfootball,pending,,
thibautcourtois,pending,,
toni.kr8s,pending,,
theo3hernandez,pending,,
rodrygogoes,pending,,
yoav_petraro,pending,,
yanivbendavid7,pending,,
dani.carvajal.2,pending,,
magav_il,pending,,
eintrachtev,pending,,
brasil_futsal,pending,,
alexsander_cristhian03,pending,,
bezalel_smotrich,pending,,
jamalmusiala10,pending,,
lucasvazquez91,pending,,
brunofernandes8,pending,,
maradona,pending,,
fluminensefc,pending,,
juliaanalvarez,pending,,
realmadridacademy,pending,,
victorosimhen9,pending,,
mrancelotti,pending,,
marcelotwelve,pending,,
paulodybala,pending,,
eintrachtfrankfurt,pending,,
antony00,pending,,
marcoasensio10,pending,,
virgilvandijk,pending,,
xavisimons,pending,,
davidalaba,pending,,
romelulukaku,pending,,
magicmikemaignan,pending,,
garnacho7,pending,,
lamineyamal,pending,,
rivaldo,pending,,
atleticodemadrid,pending,,
fedevalverde,pending,,
marcomaterazzi,pending,,
achrafhakimi,pending,,
eyal_bennoach,pending,,
roni.sholev,pending,,
fabriziorom,pending,,
israeli_navy,pending,,
idf,pending,,
idfonline,pending,,
camavinga,pending,,
goalglobal,pending,,
saharcalizozo,pending,,
ani_sapir,pending,,
david_2bof,pending,,
enzojfernandez,pending,,
hakancalhanoglu,pending,,
lamborghini,pending,,
toniruediger,pending,,
danial_leibovich,pending,,
marquinhosm5,pending,,
officialsscnapoli,pending,,
avfcofficial,pending,,
globesoccer,pending,,
seriea,pending,,
bundesliga,pending,,
johnstones5,pending,,
espnfc,pending,,
fcbayern,pending,,
laporte,pending,,
sergioramos,pending,,
raphaelvarane,pending,,
uefa,pending,,
officialasroma,pending,,
martial_9,pending,,
hm_son7,pending,,
arsenal,pending,,
harrykane,pending,,
lukamodric10,pending,,
edermilitao,pending,,
casemiro,pending,,
acmilan,pending,,
yannsommer,pending,,
sportbible,pending,,
raen_hasbani,pending,,
rainbqueen,pending,,
onefootball,pending,,
skysports,pending,,
jackgrealish,pending,,
zidane,pending,,
chelseafc,pending,,
zlatan,pending,,
philfoden,pending,,
433nl,pending,,
antogriezmann,pending,,
bukayosaka87,pending,,
trent,pending,,
vinijr,pending,,
karimbenzema,pending,,
uefaeuro,pending,,
marcusrashford,pending,,
fifaworldcup,pending,,
mancity,pending,,
blackyellow,pending,,
ultras_.netanya,pending,,
pele,pending,,
sergiroberto,pending,,
jordialbaoficial,pending,,
andresiniesta8,pending,,
luissuarez9,pending,,
ivanrakitic,pending,,
fcbbasket,pending,,
fcbfutsal,pending,,
fcbhoquei,pending,,
fcbhandbol,pending,,
fcbfemeni,pending,,
samumtiti,pending,,
fcbmasia,pending,,
fcbamericas,pending,,
barcaacademy,pending,,
o.dembele7,pending,,
nikefootball,pending,,
fcbarcelonab,pending,,
fundaciofcb,pending,,
clement_lenglet,pending,,
barcalegends,pending,,
5sergiob,pending,,
frenkiedejong,pending,,
ansufati,pending,,
miralem_pjanic,pending,,
ronaldaraujo_4,pending,,
pedri,pending,,
alejandrobalde,pending,,
xavi,pending,,
fcbgenuine,pending,,
ferrantorres,pending,,
fcbesports,pending,,
andreaschristensen3,pending,,
franckkessie,pending,,
raphinha,pending,,
_rl9,pending,,
jkeey4,pending,,
sgd_2,pending,,
ronaldinho,pending,,
marcosalonso28,pending,,
barcaamateurs,pending,,
psg,pending,,
judebellingham,pending,,
erling,pending,,
nike,pending,,
ronenml,pending,,
bvb09,pending,,
yvntnvvsyhvn,pending,,
tomer_zarfati22,pending,,
nassim.ouammou7,pending,,
gdud.snir1,pending,,
_bilenkyi,pending,,
oz_bilu,pending,,
raz_shlomo_,pending,,
itayavnijr9811,pending,,
ilay_skura,pending,,
israel.football.referees,pending,,
mnfcupdates,pending,,
berks4.0__,pending,,
diaasabia10,pending,,
hilay_barber,pending,,
rotemkeller6,pending,,
ahmad20.salman,pending,,
galabov28,pending,,
ipfl_football,pending,,
avivavrham,pending,,
almog1988,pending,,
ido_vaier,pending,,
yuvalsade12,pending,,
shirtzedek,pending,,
zlatanovicigor,pending,,
enowboris8,pending,,
fcmn_youth,pending,,
patrick_twumasi,pending,,
beni.lam,pending,,
shay_konstantini,pending,,
itamar_nitzan,pending,,
liranrotman,pending,,
florianhartherz28,pending,,
ran.kozuch,pending,,
ethanazoulay99,pending,,
naftali_balay,pending,,
richardngomajr,pending,,
johancruyff,pending,,
433,pending,,
instagram,pending,,
emmablank__,pending,,
roy_korine,pending,,
saarber3,pending,,
ribakqrsenal,pending,,
ethanmbappe,pending,,
alnassr,pending,,
graffiti_diamonds,pending,,
l99eah_,pending,,
amirberko_,pending,,
mia_azar_,pending,,
blankostore,pending,,
arieloknin,pending,,
hen_ezra.8,pending,,
daniel.maimon_,pending,,
bney_eraz,pending,,
millllaaaaa2022,pending,,
n0y.x_,pending,,
anna.toibin,pending,,
daniella_sevinir1,pending,,
portugal,pending,,
ayyznbrgbn,pending,,
ilay_sakora,pending,,
corel_levy,pending,,
alon_perry3,pending,,
alonperry3,pending,,
yoavarbel_,pending,,
harel_selekter_,pending,,
guyarbel18,pending,,
ariel_karadi,pending,,
maya.spivak2,pending,,
reef_algrabli24,pending,,
emma_evron,pending,,
yftahdavid_barbershop,pending,,
_tavor_sofer07,pending,,
fcmn.tv,pending,,
omeratzili,pending,,
sport1sport2,pending,,
fcbnei_yehuda_tlv,pending,,
isr.fa,pending,,
mhfcyouth,pending,,
impactbystrongo.kids,pending,,
fortnite,pending,,
_yuvalbe,pending,,
1tom_aronov1,pending,,
maasaiboys,pending,,
omri_gandelman5,pending,,
eden_kartsev11,pending,,
easportsfc,pending,,
karamjaber26,pending,,
oscar.gloukh,pending,,
exon.games,pending,,
eden_kornizer,pending,,
ohad.avitbul,pending,,
vatos.locos2014,pending,,
aviaburomi,pending,,
hapodium_podcast,pending,,
hananel__ohana,pending,,
benkeysar7,pending,,
fifaisrael.26,pending,,
therock,pending,,
laliga,pending,,
liverpoolfc,pending,,
realmadrid,pending,,
premierleague,pending,,
manutd,pending,,
championsleague,pending,,
cristiano,pending,,
mterstegen1,pending,,
kunaguero,pending,,
fcbarcelona,pending,,
idantelem_,pending,,
k.mbappe,pending,,
leomessi,pending,,
magickassofficial,pending,,
motikaltakchi,pending,,
erezgabay1,pending,,
nom.esports,pending,,
anironen,pending,,
carles5puyol,pending,,
benkeysar,pending,,
rvylvpv,pending,,
itay_shalom2,pending,,
its_harel,pending,,
nicoledorfan,pending,,
orelkayamzuti,pending,,
idanofficial_,pending,,
fortnite.n.m.1,pending,,
dylendror,pending,,
yoavdgani,pending,,
kimbenshimon,pending,,
angelbaranes,pending,,
myfestigal,pending,,
daniella_kristya,pending,,
oreltsabari,pending,,
eli_eliyahu1,pending,,
artur_edlind_new,pending,,
kevinrubin120,pending,,
liel_eliyahu113,pending,,
noamportman,pending,,
yonatanholl_,pending,,
